activation_error,block_size,ceil_lowrank_activation_error,ceil_lowrank_extra_params,ceil_lowrank_memory_ratio,ceil_lowrank_params,ceil_lowrank_rank,delta_activation_vs_ceil_lowrank,delta_activation_vs_lowrank,delta_weight_error_vs_lowrank,layer,layer_short,matched_lowrank_activation_error,matched_lowrank_memory_ratio,matched_lowrank_params,matched_lowrank_rank,matched_lowrank_unused_memory_ratio,matched_lowrank_unused_params,matched_lowrank_weight_error,method,model,permutation_metadata_params,q_activation_error,q_bits,q_method,structured_coeff_params,structured_memory_ratio,structured_params,structured_weight_error,structured_wins,structured_wins_vs_ceil_lowrank
0.008270861580967903,16,0.007033095229417086,0,0.0625,16384,16,0.0012377663515508175,0.0012377663515508175,0.0674523115158081,gpt_neox.layers.0.attention.dense,L0:dense,0.007033095229417086,0.0625,16384,16,0.0,0,0.8998149633407593,naive_block_circulant,EleutherAI/pythia-70m,0,0.008887933567166328,4,rtn,16384,0.0625,16384,0.9672672748565674,False,False
0.008284171111881733,16,0.006992784794420004,0,0.06640625,17408,17,0.001291386317461729,0.001291386317461729,0.07175254821777344,gpt_neox.layers.0.attention.dense,L0:dense,0.006992784794420004,0.06640625,17408,17,0.0,0,0.8962415456771851,norm_sorted_block_circulant,EleutherAI/pythia-70m,1024,0.008887933567166328,4,rtn,16384,0.06640625,17408,0.9679940938949585,False,False
0.008355814032256603,16,0.006992784794420004,0,0.06640625,17408,17,0.0013630292378365993,0.0013630292378365993,0.07169580459594727,gpt_neox.layers.0.attention.dense,L0:dense,0.006992784794420004,0.06640625,17408,17,0.0,0,0.8962415456771851,activation_clustered_block_circulant,EleutherAI/pythia-70m,1024,0.008887933567166328,4,rtn,16384,0.06640625,17408,0.9679373502731323,False,False
0.008457251824438572,16,0.006992784794420004,0,0.06640625,17408,17,0.001464467030018568,0.001464467030018568,0.0719376802444458,gpt_neox.layers.0.attention.dense,L0:dense,0.006992784794420004,0.06640625,17408,17,0.0,0,0.8962415456771851,random_permuted_block_circulant,EleutherAI/pythia-70m,1024,0.008887933567166328,4,rtn,16384,0.06640625,17408,0.9681792259216309,False,False
0.00762548390775919,16,0.0062424298375844955,0,0.125,32768,32,0.001383054070174694,0.001383054070174694,0.09057819843292236,gpt_neox.layers.0.attention.dense,L0:dense,0.0062424298375844955,0.125,32768,32,0.0,0,0.8455127477645874,monarch_like_two_block,EleutherAI/pythia-70m,0,0.008887933567166328,4,rtn,32768,0.125,32768,0.9360909461975098,False,False
0.008623342029750347,32,0.007475224323570728,0,0.03125,8192,8,0.0011481177061796188,0.0011481177061796188,0.054190754890441895,gpt_neox.layers.0.attention.dense,L0:dense,0.007475224323570728,0.03125,8192,8,0.0,0,0.9294198155403137,naive_block_circulant,EleutherAI/pythia-70m,0,0.008887933567166328,4,rtn,8192,0.03125,8192,0.9836105704307556,False,False
0.008648756891489029,32,0.0073881372809410095,0,0.03515625,9216,9,0.0012606196105480194,0.0012606196105480194,0.05832350254058838,gpt_neox.layers.0.attention.dense,L0:dense,0.0073881372809410095,0.03515625,9216,9,0.0,0,0.9255761504173279,norm_sorted_block_circulant,EleutherAI/pythia-70m,1024,0.008887933567166328,4,rtn,8192,0.03515625,9216,0.9838996529579163,False,False
0.008645826019346714,32,0.0073881372809410095,0,0.03515625,9216,9,0.0012576887384057045,0.0012576887384057045,0.05863761901855469,gpt_neox.layers.0.attention.dense,L0:dense,0.0073881372809410095,0.03515625,9216,9,0.0,0,0.9255761504173279,activation_clustered_block_circulant,EleutherAI/pythia-70m,1024,0.008887933567166328,4,rtn,8192,0.03515625,9216,0.9842137694358826,False,False
0.008594709448516369,32,0.0073881372809410095,0,0.03515625,9216,9,0.0012065721675753593,0.0012065721675753593,0.058737099170684814,gpt_neox.layers.0.attention.dense,L0:dense,0.0073881372809410095,0.03515625,9216,9,0.0,0,0.9255761504173279,random_permuted_block_circulant,EleutherAI/pythia-70m,1024,0.008887933567166328,4,rtn,8192,0.03515625,9216,0.9843132495880127,False,False
0.008307711221277714,32,0.007033095229417086,0,0.0625,16384,16,0.0012746159918606281,0.0012746159918606281,0.06859499216079712,gpt_neox.layers.0.attention.dense,L0:dense,0.007033095229417086,0.0625,16384,16,0.0,0,0.8998149633407593,monarch_like_two_block,EleutherAI/pythia-70m,0,0.008887933567166328,4,rtn,16384,0.0625,16384,0.9684099555015564,False,False
0.008799157105386257,64,0.007892206311225891,0,0.015625,4096,4,0.0009069507941603661,0.0009069507941603661,0.045964837074279785,gpt_neox.layers.0.attention.dense,L0:dense,0.007892206311225891,0.015625,4096,4,0.0,0,0.9458423256874084,naive_block_circulant,EleutherAI/pythia-70m,0,0.008887933567166328,4,rtn,4096,0.015625,4096,0.9918071627616882,False,False
0.008707559667527676,64,0.007859043776988983,0,0.01953125,5120,5,0.0008485158905386925,0.0008485158905386925,0.05064326524734497,gpt_neox.layers.0.attention.dense,L0:dense,0.007859043776988983,0.01953125,5120,5,0.0,0,0.9413939118385315,norm_sorted_block_circulant,EleutherAI/pythia-70m,1024,0.008887933567166328,4,rtn,4096,0.01953125,5120,0.9920371770858765,False,False
0.00878872349858284,64,0.007859043776988983,0,0.01953125,5120,5,0.0009296797215938568,0.0009296797215938568,0.05087149143218994,gpt_neox.layers.0.attention.dense,L0:dense,0.007859043776988983,0.01953125,5120,5,0.0,0,0.9413939118385315,activation_clustered_block_circulant,EleutherAI/pythia-70m,1024,0.008887933567166328,4,rtn,4096,0.01953125,5120,0.9922654032707214,False,False
0.00877897348254919,64,0.007859043776988983,0,0.01953125,5120,5,0.0009199297055602074,0.0009199297055602074,0.05094069242477417,gpt_neox.layers.0.attention.dense,L0:dense,0.007859043776988983,0.01953125,5120,5,0.0,0,0.9413939118385315,random_permuted_block_circulant,EleutherAI/pythia-70m,1024,0.008887933567166328,4,rtn,4096,0.01953125,5120,0.9923346042633057,False,False
0.00863800011575222,64,0.007475224323570728,0,0.03125,8192,8,0.0011627757921814919,0.0011627757921814919,0.055168986320495605,gpt_neox.layers.0.attention.dense,L0:dense,0.007475224323570728,0.03125,8192,8,0.0,0,0.9294198155403137,monarch_like_two_block,EleutherAI/pythia-70m,0,0.008887933567166328,4,rtn,8192,0.03125,8192,0.9845888018608093,False,False
0.01140320673584938,16,0.00969670619815588,0,0.0625,16384,16,0.0017065005376935005,0.0017065005376935005,0.08370822668075562,gpt_neox.layers.0.attention.dense,L0:dense,0.00969670619815588,0.0625,16384,16,0.0,0,0.8843222856521606,naive_block_circulant,EleutherAI/pythia-70m,0,0.012326047755777836,4,sinq_like,16384,0.0625,16384,0.9680305123329163,False,False
0.011482827365398407,16,0.009645049460232258,0,0.06640625,17408,17,0.0018377779051661491,0.0018377779051661491,0.0871809720993042,gpt_neox.layers.0.attention.dense,L0:dense,0.009645049460232258,0.06640625,17408,17,0.0,0,0.8805720210075378,norm_sorted_block_circulant,EleutherAI/pythia-70m,1024,0.012326047755777836,4,sinq_like,16384,0.06640625,17408,0.967752993106842,False,False
0.011575558222830296,16,0.009645049460232258,0,0.06640625,17408,17,0.0019305087625980377,0.0019305087625980377,0.08818703889846802,gpt_neox.layers.0.attention.dense,L0:dense,0.009645049460232258,0.06640625,17408,17,0.0,0,0.8805720210075378,activation_clustered_block_circulant,EleutherAI/pythia-70m,1024,0.012326047755777836,4,sinq_like,16384,0.06640625,17408,0.9687590599060059,False,False
0.011480119079351425,16,0.009645049460232258,0,0.06640625,17408,17,0.0018350696191191673,0.0018350696191191673,0.087310791015625,gpt_neox.layers.0.attention.dense,L0:dense,0.009645049460232258,0.06640625,17408,17,0.0,0,0.8805720210075378,random_permuted_block_circulant,EleutherAI/pythia-70m,1024,0.012326047755777836,4,sinq_like,16384,0.06640625,17408,0.9678828120231628,False,False
0.01053127646446228,16,0.008515053428709507,0,0.125,32768,32,0.0020162230357527733,0.0020162230357527733,0.10999053716659546,gpt_neox.layers.0.attention.dense,L0:dense,0.008515053428709507,0.125,32768,32,0.0,0,0.82698655128479,monarch_like_two_block,EleutherAI/pythia-70m,0,0.012326047755777836,4,sinq_like,32768,0.125,32768,0.9369770884513855,False,False
0.011810622178018093,32,0.010400781407952309,0,0.03125,8192,8,0.0014098407700657845,0.0014098407700657845,0.06812620162963867,gpt_neox.layers.0.attention.dense,L0:dense,0.010400781407952309,0.03125,8192,8,0.0,0,0.9161884188652039,naive_block_circulant,EleutherAI/pythia-70m,0,0.012326047755777836,4,sinq_like,8192,0.03125,8192,0.9843146204948425,False,False
0.011775922030210495,32,0.010281071066856384,0,0.03515625,9216,9,0.0014948509633541107,0.0014948509633541107,0.07179445028305054,gpt_neox.layers.0.attention.dense,L0:dense,0.010281071066856384,0.03515625,9216,9,0.0,0,0.9120249152183533,norm_sorted_block_circulant,EleutherAI/pythia-70m,1024,0.012326047755777836,4,sinq_like,8192,0.03515625,9216,0.9838193655014038,False,False
0.011974259279668331,32,0.010281071066856384,0,0.03515625,9216,9,0.0016931882128119469,0.0016931882128119469,0.07277297973632812,gpt_neox.layers.0.attention.dense,L0:dense,0.010281071066856384,0.03515625,9216,9,0.0,0,0.9120249152183533,activation_clustered_block_circulant,EleutherAI/pythia-70m,1024,0.012326047755777836,4,sinq_like,8192,0.03515625,9216,0.9847978949546814,False,False
0.011875486932694912,32,0.010281071066856384,0,0.03515625,9216,9,0.0015944158658385277,0.0015944158658385277,0.07219201326370239,gpt_neox.layers.0.attention.dense,L0:dense,0.010281071066856384,0.03515625,9216,9,0.0,0,0.9120249152183533,random_permuted_block_circulant,EleutherAI/pythia-70m,1024,0.012326047755777836,4,sinq_like,8192,0.03515625,9216,0.9842169284820557,False,False
0.011385350488126278,32,0.00969670619815588,0,0.0625,16384,16,0.001688644289970398,0.001688644289970398,0.08468586206436157,gpt_neox.layers.0.attention.dense,L0:dense,0.00969670619815588,0.0625,16384,16,0.0,0,0.8843222856521606,monarch_like_two_block,EleutherAI/pythia-70m,0,0.012326047755777836,4,sinq_like,16384,0.0625,16384,0.9690081477165222,False,False
0.012124939821660519,64,0.010939785279333591,0,0.015625,4096,4,0.0011851545423269272,0.0011851545423269272,0.05640798807144165,gpt_neox.layers.0.attention.dense,L0:dense,0.010939785279333591,0.015625,4096,4,0.0,0,0.9357890486717224,naive_block_circulant,EleutherAI/pythia-70m,0,0.012326047755777836,4,sinq_like,4096,0.015625,4096,0.9921970367431641,False,False
0.012201836332678795,64,0.010831482708454132,0,0.01953125,5120,5,0.0013703536242246628,0.0013703536242246628,0.06201416254043579,gpt_neox.layers.0.attention.dense,L0:dense,0.010831482708454132,0.01953125,5120,5,0.0,0,0.9301161766052246,norm_sorted_block_circulant,EleutherAI/pythia-70m,1024,0.012326047755777836,4,sinq_like,4096,0.01953125,5120,0.9921303391456604,False,False
0.012110132724046707,64,0.010831482708454132,0,0.01953125,5120,5,0.001278650015592575,0.001278650015592575,0.06228452920913696,gpt_neox.layers.0.attention.dense,L0:dense,0.010831482708454132,0.01953125,5120,5,0.0,0,0.9301161766052246,activation_clustered_block_circulant,EleutherAI/pythia-70m,1024,0.012326047755777836,4,sinq_like,4096,0.01953125,5120,0.9924007058143616,False,False
0.012149503454566002,64,0.010831482708454132,0,0.01953125,5120,5,0.0013180207461118698,0.0013180207461118698,0.06198227405548096,gpt_neox.layers.0.attention.dense,L0:dense,0.010831482708454132,0.01953125,5120,5,0.0,0,0.9301161766052246,random_permuted_block_circulant,EleutherAI/pythia-70m,1024,0.012326047755777836,4,sinq_like,4096,0.01953125,5120,0.9920984506607056,False,False
0.011991805396974087,64,0.010400781407952309,0,0.03125,8192,8,0.001591023989021778,0.001591023989021778,0.0687761902809143,gpt_neox.layers.0.attention.dense,L0:dense,0.010400781407952309,0.03125,8192,8,0.0,0,0.9161884188652039,monarch_like_two_block,EleutherAI/pythia-70m,0,0.012326047755777836,4,sinq_like,8192,0.03125,8192,0.9849646091461182,False,False
0.005210269242525101,16,0.004832935519516468,1024,0.0634765625,66560,26,0.00037733372300863266,0.0003534862771630287,0.04412519931793213,gpt_neox.layers.0.mlp.dense_4h_to_h,L0:dense_4h_to_h,0.004856782965362072,0.06103515625,64000,25,0.00146484375,1536,0.9240142107009888,naive_block_circulant,EleutherAI/pythia-70m,0,0.005596765782684088,4,rtn,65536,0.0625,65536,0.9681394100189209,False,False
0.005273939110338688,16,0.004810017067939043,1024,0.06591796875,69120,27,0.00046392204239964485,0.00044100359082221985,0.04630231857299805,gpt_neox.layers.0.mlp.dense_4h_to_h,L0:dense_4h_to_h,0.004832935519516468,0.0634765625,66560,26,0.00146484375,1536,0.9219894409179688,norm_sorted_block_circulant,EleutherAI/pythia-70m,2560,0.005596765782684088,4,rtn,65536,0.06494140625,68096,0.9682917594909668,False,False
0.005238058045506477,16,0.004810017067939043,1024,0.06591796875,69120,27,0.0004280409775674343,0.0004051225259900093,0.04609709978103638,gpt_neox.layers.0.mlp.dense_4h_to_h,L0:dense_4h_to_h,0.004832935519516468,0.0634765625,66560,26,0.00146484375,1536,0.9219894409179688,activation_clustered_block_circulant,EleutherAI/pythia-70m,2560,0.005596765782684088,4,rtn,65536,0.06494140625,68096,0.9680865406990051,False,False
0.005229133181273937,16,0.004810017067939043,1024,0.06591796875,69120,27,0.0004191161133348942,0.0003961976617574692,0.04649841785430908,gpt_neox.layers.0.mlp.dense_4h_to_h,L0:dense_4h_to_h,0.004832935519516468,0.0634765625,66560,26,0.00146484375,1536,0.9219894409179688,random_permuted_block_circulant,EleutherAI/pythia-70m,2560,0.005596765782684088,4,rtn,65536,0.06494140625,68096,0.9684878587722778,False,False
0.0048871999606490135,16,0.00430714525282383,2048,0.126953125,133120,52,0.0005800547078251839,0.0005608745850622654,0.06470578908920288,gpt_neox.layers.0.mlp.dense_4h_to_h,L0:dense_4h_to_h,0.004326325375586748,0.12451171875,130560,51,0.00048828125,512,0.8728293180465698,monarch_like_two_block,EleutherAI/pythia-70m,0,0.005596765782684088,4,rtn,131072,0.125,131072,0.9375351071357727,False,False
0.005415855906903744,32,0.005089737009257078,512,0.03173828125,33280,13,0.0003261188976466656,0.000309554859995842,0.032954633235931396,gpt_neox.layers.0.mlp.dense_4h_to_h,L0:dense_4h_to_h,0.005106301046907902,0.029296875,30720,12,0.001953125,2048,0.9512462019920349,naive_block_circulant,EleutherAI/pythia-70m,0,0.005596765782684088,4,rtn,32768,0.03125,32768,0.9842008352279663,False,False
0.005443951115012169,32,0.005073238164186478,512,0.0341796875,35840,14,0.0003707129508256912,0.0003542141057550907,0.035397887229919434,gpt_neox.layers.0.mlp.dense_4h_to_h,L0:dense_4h_to_h,0.005089737009257078,0.03173828125,33280,13,0.001953125,2048,0.9490695595741272,norm_sorted_block_circulant,EleutherAI/pythia-70m,2560,0.005596765782684088,4,rtn,32768,0.03369140625,35328,0.9844674468040466,False,False
0.005420588422566652,32,0.005073238164186478,512,0.0341796875,35840,14,0.00034735025838017464,0.00033085141330957413,0.03513091802597046,gpt_neox.layers.0.mlp.dense_4h_to_h,L0:dense_4h_to_h,0.005089737009257078,0.03173828125,33280,13,0.001953125,2048,0.9490695595741272,activation_clustered_block_circulant,EleutherAI/pythia-70m,2560,0.005596765782684088,4,rtn,32768,0.03369140625,35328,0.9842004776000977,False,False
0.005422314628958702,32,0.005073238164186478,512,0.0341796875,35840,14,0.0003490764647722244,0.0003325776197016239,0.03523224592208862,gpt_neox.layers.0.mlp.dense_4h_to_h,L0:dense_4h_to_h,0.005089737009257078,0.03173828125,33280,13,0.001953125,2048,0.9490695595741272,random_permuted_block_circulant,EleutherAI/pythia-70m,2560,0.005596765782684088,4,rtn,32768,0.03369140625,35328,0.9843018054962158,False,False
0.005227634683251381,32,0.004832935519516468,1024,0.0634765625,66560,26,0.00039469916373491287,0.00037085171788930893,0.044608473777770996,gpt_neox.layers.0.mlp.dense_4h_to_h,L0:dense_4h_to_h,0.004856782965362072,0.06103515625,64000,25,0.00146484375,1536,0.9240142107009888,monarch_like_two_block,EleutherAI/pythia-70m,0,0.005596765782684088,4,rtn,65536,0.0625,65536,0.9686226844787598,False,False
0.005522256717085838,64,0.005223983433097601,1536,0.01708984375,17920,7,0.0002982732839882374,0.0002681785263121128,0.026791691780090332,gpt_neox.layers.0.mlp.dense_4h_to_h,L0:dense_4h_to_h,0.0052540781907737255,0.0146484375,15360,6,0.0009765625,1024,0.9654159545898438,naive_block_circulant,EleutherAI/pythia-70m,0,0.005596765782684088,4,rtn,16384,0.015625,16384,0.9922076463699341,False,False
0.0055297124199569225,64,0.005197684746235609,1536,0.01953125,20480,8,0.0003320276737213135,0.0003057289868593216,0.029430627822875977,gpt_neox.layers.0.mlp.dense_4h_to_h,L0:dense_4h_to_h,0.005223983433097601,0.01708984375,17920,7,0.0009765625,1024,0.9628319144248962,norm_sorted_block_circulant,EleutherAI/pythia-70m,2560,0.005596765782684088,4,rtn,16384,0.01806640625,18944,0.9922625422477722,False,False
0.005517168436199427,64,0.005197684746235609,1536,0.01953125,20480,8,0.0003194836899638176,0.0002931850031018257,0.029357314109802246,gpt_neox.layers.0.mlp.dense_4h_to_h,L0:dense_4h_to_h,0.005223983433097601,0.01708984375,17920,7,0.0009765625,1024,0.9628319144248962,activation_clustered_block_circulant,EleutherAI/pythia-70m,2560,0.005596765782684088,4,rtn,16384,0.01806640625,18944,0.9921892285346985,False,False
0.005516378208994865,64,0.005197684746235609,1536,0.01953125,20480,8,0.00031869346275925636,0.0002923947758972645,0.029250144958496094,gpt_neox.layers.0.mlp.dense_4h_to_h,L0:dense_4h_to_h,0.005223983433097601,0.01708984375,17920,7,0.0009765625,1024,0.9628319144248962,random_permuted_block_circulant,EleutherAI/pythia-70m,2560,0.005596765782684088,4,rtn,16384,0.01806640625,18944,0.9920820593833923,False,False
0.005431357305496931,64,0.005089737009257078,512,0.03173828125,33280,13,0.0003416202962398529,0.0003250562585890293,0.03298693895339966,gpt_neox.layers.0.mlp.dense_4h_to_h,L0:dense_4h_to_h,0.005106301046907902,0.029296875,30720,12,0.001953125,2048,0.9512462019920349,monarch_like_two_block,EleutherAI/pythia-70m,0,0.005596765782684088,4,rtn,32768,0.03125,32768,0.9842331409454346,False,False
0.008845326490700245,16,0.007576700299978256,1024,0.0634765625,66560,26,0.0012686261907219887,0.0012420699931681156,0.07251816987991333,gpt_neox.layers.0.mlp.dense_4h_to_h,L0:dense_4h_to_h,0.007603256497532129,0.06103515625,64000,25,0.00146484375,1536,0.8958449959754944,naive_block_circulant,EleutherAI/pythia-70m,0,0.009372198022902012,4,sinq_like,65536,0.0625,65536,0.9683631658554077,False,False
0.008784027770161629,16,0.007537581492215395,1024,0.06591796875,69120,27,0.0012464462779462337,0.0012073274701833725,0.07457751035690308,gpt_neox.layers.0.mlp.dense_4h_to_h,L0:dense_4h_to_h,0.007576700299978256,0.0634765625,66560,26,0.00146484375,1536,0.8937076926231384,norm_sorted_block_circulant,EleutherAI/pythia-70m,2560,0.009372198022902012,4,sinq_like,65536,0.06494140625,68096,0.9682852029800415,False,False
0.008813750930130482,16,0.007537581492215395,1024,0.06591796875,69120,27,0.0012761694379150867,0.0012370506301522255,0.07468140125274658,gpt_neox.layers.0.mlp.dense_4h_to_h,L0:dense_4h_to_h,0.007576700299978256,0.0634765625,66560,26,0.00146484375,1536,0.8937076926231384,activation_clustered_block_circulant,EleutherAI/pythia-70m,2560,0.009372198022902012,4,sinq_like,65536,0.06494140625,68096,0.968389093875885,False,False
0.008808203041553497,16,0.007537581492215395,1024,0.06591796875,69120,27,0.0012706215493381023,0.001231502741575241,0.07445645332336426,gpt_neox.layers.0.mlp.dense_4h_to_h,L0:dense_4h_to_h,0.007576700299978256,0.0634765625,66560,26,0.00146484375,1536,0.8937076926231384,random_permuted_block_circulant,EleutherAI/pythia-70m,2560,0.009372198022902012,4,sinq_like,65536,0.06494140625,68096,0.9681641459465027,False,False
0.008297125808894634,16,0.0067022633738815784,2048,0.126953125,133120,52,0.0015948624350130558,0.0015586800873279572,0.09450733661651611,gpt_neox.layers.0.mlp.dense_4h_to_h,L0:dense_4h_to_h,0.006738445721566677,0.12451171875,130560,51,0.00048828125,512,0.8429763317108154,monarch_like_two_block,EleutherAI/pythia-70m,0,0.009372198022902012,4,sinq_like,131072,0.125,131072,0.9374836683273315,False,False
0.00911461841315031,32,0.008134373463690281,512,0.03173828125,33280,13,0.0009802449494600296,0.0009291945025324821,0.05783325433731079,gpt_neox.layers.0.mlp.dense_4h_to_h,L0:dense_4h_to_h,0.008185423910617828,0.029296875,30720,12,0.001953125,2048,0.9264238476753235,naive_block_circulant,EleutherAI/pythia-70m,0,0.009372198022902012,4,sinq_like,32768,0.03125,32768,0.9842571020126343,False,False
0.009093043394386768,32,0.008073172532022,512,0.0341796875,35840,14,0.001019870862364769,0.0009586699306964874,0.06082737445831299,gpt_neox.layers.0.mlp.dense_4h_to_h,L0:dense_4h_to_h,0.008134373463690281,0.03173828125,33280,13,0.001953125,2048,0.9235284924507141,norm_sorted_block_circulant,EleutherAI/pythia-70m,2560,0.009372198022902012,4,sinq_like,32768,0.03369140625,35328,0.9843558669090271,False,False
0.009104226715862751,32,0.008073172532022,512,0.0341796875,35840,14,0.0010310541838407516,0.0009698532521724701,0.06077390909194946,gpt_neox.layers.0.mlp.dense_4h_to_h,L0:dense_4h_to_h,0.008134373463690281,0.03173828125,33280,13,0.001953125,2048,0.9235284924507141,activation_clustered_block_circulant,EleutherAI/pythia-70m,2560,0.009372198022902012,4,sinq_like,32768,0.03369140625,35328,0.9843024015426636,False,False
0.00904348399490118,32,0.008073172532022,512,0.0341796875,35840,14,0.0009703114628791809,0.0009091105312108994,0.06057548522949219,gpt_neox.layers.0.mlp.dense_4h_to_h,L0:dense_4h_to_h,0.008134373463690281,0.03173828125,33280,13,0.001953125,2048,0.9235284924507141,random_permuted_block_circulant,EleutherAI/pythia-70m,2560,0.009372198022902012,4,sinq_like,32768,0.03369140625,35328,0.9841039776802063,False,False
0.008841830305755138,32,0.007576700299978256,1024,0.0634765625,66560,26,0.0012651300057768822,0.0012385738082230091,0.07290995121002197,gpt_neox.layers.0.mlp.dense_4h_to_h,L0:dense_4h_to_h,0.007603256497532129,0.06103515625,64000,25,0.00146484375,1536,0.8958449959754944,monarch_like_two_block,EleutherAI/pythia-70m,0,0.009372198022902012,4,sinq_like,65536,0.0625,65536,0.9687549471855164,False,False
0.009237200021743774,64,0.008530021645128727,1536,0.01708984375,17920,7,0.0007071783766150475,0.0006567267701029778,0.043553709983825684,gpt_neox.layers.0.mlp.dense_4h_to_h,L0:dense_4h_to_h,0.008580473251640797,0.0146484375,15360,6,0.0009765625,1024,0.9486059546470642,naive_block_circulant,EleutherAI/pythia-70m,0,0.009372198022902012,4,sinq_like,16384,0.015625,16384,0.9921596646308899,False,False
0.00925286766141653,64,0.008457370102405548,1536,0.01953125,20480,8,0.0007954975590109825,0.0007228460162878036,0.04772961139678955,gpt_neox.layers.0.mlp.dense_4h_to_h,L0:dense_4h_to_h,0.008530021645128727,0.01708984375,17920,7,0.0009765625,1024,0.9444254040718079,norm_sorted_block_circulant,EleutherAI/pythia-70m,2560,0.009372198022902012,4,sinq_like,16384,0.01806640625,18944,0.9921550154685974,False,False
0.009251322597265244,64,0.008457370102405548,1536,0.01953125,20480,8,0.0007939524948596954,0.0007213009521365166,0.04771780967712402,gpt_neox.layers.0.mlp.dense_4h_to_h,L0:dense_4h_to_h,0.008530021645128727,0.01708984375,17920,7,0.0009765625,1024,0.9444254040718079,activation_clustered_block_circulant,EleutherAI/pythia-70m,2560,0.009372198022902012,4,sinq_like,16384,0.01806640625,18944,0.9921432137489319,False,False
0.009215720929205418,64,0.008457370102405548,1536,0.01953125,20480,8,0.0007583508267998695,0.0006856992840766907,0.04769951105117798,gpt_neox.layers.0.mlp.dense_4h_to_h,L0:dense_4h_to_h,0.008530021645128727,0.01708984375,17920,7,0.0009765625,1024,0.9444254040718079,random_permuted_block_circulant,EleutherAI/pythia-70m,2560,0.009372198022902012,4,sinq_like,16384,0.01806640625,18944,0.9921249151229858,False,False
0.00909771490842104,64,0.008134373463690281,512,0.03173828125,33280,13,0.0009633414447307587,0.0009122909978032112,0.0580136775970459,gpt_neox.layers.0.mlp.dense_4h_to_h,L0:dense_4h_to_h,0.008185423910617828,0.029296875,30720,12,0.001953125,2048,0.9264238476753235,monarch_like_two_block,EleutherAI/pythia-70m,0,0.009372198022902012,4,sinq_like,32768,0.03125,32768,0.9844375252723694,False,False
0.0032153036445379257,16,0.003108105855062604,1024,0.0634765625,66560,26,0.00010719778947532177,9.811460040509701e-05,0.021444261074066162,gpt_neox.layers.0.mlp.dense_h_to_4h,L0:dense_h_to_4h,0.0031171890441328287,0.06103515625,64000,25,0.00146484375,1536,0.947052538394928,naive_block_circulant,EleutherAI/pythia-70m,0,0.0034573781304061413,4,rtn,65536,0.0625,65536,0.9684967994689941,False,False
0.003241092897951603,16,0.0031029353849589825,1024,0.06591796875,69120,27,0.00013815751299262047,0.00013298704288899899,0.023276865482330322,gpt_neox.layers.0.mlp.dense_h_to_4h,L0:dense_h_to_4h,0.003108105855062604,0.0634765625,66560,26,0.00146484375,1536,0.9450218677520752,norm_sorted_block_circulant,EleutherAI/pythia-70m,2560,0.0034573781304061413,4,rtn,65536,0.06494140625,68096,0.9682987332344055,False,False
0.0032407573889940977,16,0.0031029353849589825,1024,0.06591796875,69120,27,0.00013782200403511524,0.00013265153393149376,0.02316761016845703,gpt_neox.layers.0.mlp.dense_h_to_4h,L0:dense_h_to_4h,0.003108105855062604,0.0634765625,66560,26,0.00146484375,1536,0.9450218677520752,activation_clustered_block_circulant,EleutherAI/pythia-70m,2560,0.0034573781304061413,4,rtn,65536,0.06494140625,68096,0.9681894779205322,False,False
0.0032848671544343233,16,0.0031029353849589825,1024,0.06591796875,69120,27,0.00018193176947534084,0.00017676129937171936,0.023167908191680908,gpt_neox.layers.0.mlp.dense_h_to_4h,L0:dense_h_to_4h,0.003108105855062604,0.0634765625,66560,26,0.00146484375,1536,0.9450218677520752,random_permuted_block_circulant,EleutherAI/pythia-70m,2560,0.0034573781304061413,4,rtn,65536,0.06494140625,68096,0.9681897759437561,False,False
0.0030281872022897005,16,0.002782206516712904,2048,0.126953125,133120,52,0.00024598068557679653,0.00022301380522549152,0.04238593578338623,gpt_neox.layers.0.mlp.dense_h_to_4h,L0:dense_h_to_4h,0.002805173397064209,0.12451171875,130560,51,0.00048828125,512,0.8953516483306885,monarch_like_two_block,EleutherAI/pythia-70m,0,0.0034573781304061413,4,rtn,131072,0.125,131072,0.9377375841140747,False,False
0.0033573333639651537,32,0.003262307494878769,512,0.03173828125,33280,13,9.502586908638477e-05,8.155801333487034e-05,0.010432720184326172,gpt_neox.layers.0.mlp.dense_h_to_4h,L0:dense_h_to_4h,0.0032757753506302834,0.029296875,30720,12,0.001953125,2048,0.9739923477172852,naive_block_circulant,EleutherAI/pythia-70m,0,0.0034573781304061413,4,rtn,32768,0.03125,32768,0.9844250679016113,False,False
0.0033573168329894543,32,0.0032547134906053543,512,0.0341796875,35840,14,0.00010260334238409996,9.500933811068535e-05,0.012550413608551025,gpt_neox.layers.0.mlp.dense_h_to_4h,L0:dense_h_to_4h,0.003262307494878769,0.03173828125,33280,13,0.001953125,2048,0.9718827605247498,norm_sorted_block_circulant,EleutherAI/pythia-70m,2560,0.0034573781304061413,4,rtn,32768,0.03369140625,35328,0.9844331741333008,False,False
0.003380649257451296,32,0.0032547134906053543,512,0.0341796875,35840,14,0.00012593576684594154,0.00011834176257252693,0.012343823909759521,gpt_neox.layers.0.mlp.dense_h_to_4h,L0:dense_h_to_4h,0.003262307494878769,0.03173828125,33280,13,0.001953125,2048,0.9718827605247498,activation_clustered_block_circulant,EleutherAI/pythia-70m,2560,0.0034573781304061413,4,rtn,32768,0.03369140625,35328,0.9842265844345093,False,False
0.003379510249942541,32,0.0032547134906053543,512,0.0341796875,35840,14,0.0001247967593371868,0.0001172027550637722,0.012459754943847656,gpt_neox.layers.0.mlp.dense_h_to_4h,L0:dense_h_to_4h,0.003262307494878769,0.03173828125,33280,13,0.001953125,2048,0.9718827605247498,random_permuted_block_circulant,EleutherAI/pythia-70m,2560,0.0034573781304061413,4,rtn,32768,0.03369140625,35328,0.9843425154685974,False,False
0.0032703850883990526,32,0.003108105855062604,1024,0.0634765625,66560,26,0.00016227923333644867,0.0001531960442662239,0.02178555727005005,gpt_neox.layers.0.mlp.dense_h_to_4h,L0:dense_h_to_4h,0.0031171890441328287,0.06103515625,64000,25,0.00146484375,1536,0.947052538394928,monarch_like_two_block,EleutherAI/pythia-70m,0,0.0034573781304061413,4,rtn,65536,0.0625,65536,0.968838095664978,False,False
0.003421852830797434,64,0.003325734054669738,1536,0.01708984375,17920,7,9.611877612769604e-05,8.672918193042278e-05,0.0055193305015563965,gpt_neox.layers.0.mlp.dense_h_to_4h,L0:dense_h_to_4h,0.003335123648867011,0.0146484375,15360,6,0.0009765625,1024,0.9867863059043884,naive_block_circulant,EleutherAI/pythia-70m,0,0.0034573781304061413,4,rtn,16384,0.015625,16384,0.9923056364059448,False,False
0.0033840304240584373,64,0.003310415195301175,1536,0.01953125,20480,8,7.361522875726223e-05,5.829636938869953e-05,0.007623612880706787,gpt_neox.layers.0.mlp.dense_h_to_4h,L0:dense_h_to_4h,0.003325734054669738,0.01708984375,17920,7,0.0009765625,1024,0.9846272468566895,norm_sorted_block_circulant,EleutherAI/pythia-70m,2560,0.0034573781304061413,4,rtn,16384,0.01806640625,18944,0.9922508597373962,False,False
0.0034134138841181993,64,0.003310415195301175,1536,0.01953125,20480,8,0.00010299868881702423,8.767982944846153e-05,0.00746530294418335,gpt_neox.layers.0.mlp.dense_h_to_4h,L0:dense_h_to_4h,0.003325734054669738,0.01708984375,17920,7,0.0009765625,1024,0.9846272468566895,activation_clustered_block_circulant,EleutherAI/pythia-70m,2560,0.0034573781304061413,4,rtn,16384,0.01806640625,18944,0.9920925498008728,False,False
0.003410085802897811,64,0.003310415195301175,1536,0.01953125,20480,8,9.967060759663582e-05,8.435174822807312e-05,0.007703840732574463,gpt_neox.layers.0.mlp.dense_h_to_4h,L0:dense_h_to_4h,0.003325734054669738,0.01708984375,17920,7,0.0009765625,1024,0.9846272468566895,random_permuted_block_circulant,EleutherAI/pythia-70m,2560,0.0034573781304061413,4,rtn,16384,0.01806640625,18944,0.9923310875892639,False,False
0.0033691618591547012,64,0.003262307494878769,512,0.03173828125,33280,13,0.00010685436427593231,9.338650852441788e-05,0.010474085807800293,gpt_neox.layers.0.mlp.dense_h_to_4h,L0:dense_h_to_4h,0.0032757753506302834,0.029296875,30720,12,0.001953125,2048,0.9739923477172852,monarch_like_two_block,EleutherAI/pythia-70m,0,0.0034573781304061413,4,rtn,32768,0.03125,32768,0.9844664335250854,False,False
0.005745701491832733,16,0.0036745616234838963,1024,0.0634765625,66560,26,0.002071139868348837,0.0020562848076224327,0.022389471530914307,gpt_neox.layers.0.mlp.dense_h_to_4h,L0:dense_h_to_4h,0.0036894166842103004,0.06103515625,64000,25,0.00146484375,1536,0.9454798698425293,naive_block_circulant,EleutherAI/pythia-70m,0,0.0062170070596039295,4,sinq_like,65536,0.0625,65536,0.9678693413734436,False,False
0.005685825366526842,16,0.003662189468741417,1024,0.06591796875,69120,27,0.002023635897785425,0.002011263743042946,0.024553894996643066,gpt_neox.layers.0.mlp.dense_h_to_4h,L0:dense_h_to_4h,0.0036745616234838963,0.0634765625,66560,26,0.00146484375,1536,0.9434056878089905,norm_sorted_block_circulant,EleutherAI/pythia-70m,2560,0.0062170070596039295,4,sinq_like,65536,0.06494140625,68096,0.9679595828056335,False,False
0.005746317561715841,16,0.003662189468741417,1024,0.06591796875,69120,27,0.0020841280929744244,0.002071755938231945,0.024959981441497803,gpt_neox.layers.0.mlp.dense_h_to_4h,L0:dense_h_to_4h,0.0036745616234838963,0.0634765625,66560,26,0.00146484375,1536,0.9434056878089905,activation_clustered_block_circulant,EleutherAI/pythia-70m,2560,0.0062170070596039295,4,sinq_like,65536,0.06494140625,68096,0.9683656692504883,False,False
0.0057104225270450115,16,0.003662189468741417,1024,0.06591796875,69120,27,0.0020482330583035946,0.0020358609035611153,0.02472907304763794,gpt_neox.layers.0.mlp.dense_h_to_4h,L0:dense_h_to_4h,0.0036745616234838963,0.0634765625,66560,26,0.00146484375,1536,0.9434056878089905,random_permuted_block_circulant,EleutherAI/pythia-70m,2560,0.0062170070596039295,4,sinq_like,65536,0.06494140625,68096,0.9681347608566284,False,False
0.005278804339468479,16,0.003142253030091524,2048,0.126953125,133120,52,0.002136551309376955,0.0021174727007746696,0.04412120580673218,gpt_neox.layers.0.mlp.dense_h_to_4h,L0:dense_h_to_4h,0.0031613316386938095,0.12451171875,130560,51,0.00048828125,512,0.8929104208946228,monarch_like_two_block,EleutherAI/pythia-70m,0,0.0062170070596039295,4,sinq_like,131072,0.125,131072,0.937031626701355,False,False
0.005979273002594709,32,0.0041099656373262405,512,0.03173828125,33280,13,0.0018693073652684689,0.0018548546358942986,0.010907471179962158,gpt_neox.layers.0.mlp.dense_h_to_4h,L0:dense_h_to_4h,0.004124418366700411,0.029296875,30720,12,0.001953125,2048,0.9730738401412964,naive_block_circulant,EleutherAI/pythia-70m,0,0.0062170070596039295,4,sinq_like,32768,0.03125,32768,0.9839813113212585,False,False
0.005984575022011995,32,0.004073400981724262,512,0.0341796875,35840,14,0.001911174040287733,0.0018746093846857548,0.013139188289642334,gpt_neox.layers.0.mlp.dense_h_to_4h,L0:dense_h_to_4h,0.0041099656373262405,0.03173828125,33280,13,0.001953125,2048,0.9709179401397705,norm_sorted_block_circulant,EleutherAI/pythia-70m,2560,0.0062170070596039295,4,sinq_like,32768,0.03369140625,35328,0.9840571284294128,False,False
0.006000237073749304,32,0.004073400981724262,512,0.0341796875,35840,14,0.0019268360920250416,0.0018902714364230633,0.013585865497589111,gpt_neox.layers.0.mlp.dense_h_to_4h,L0:dense_h_to_4h,0.0041099656373262405,0.03173828125,33280,13,0.001953125,2048,0.9709179401397705,activation_clustered_block_circulant,EleutherAI/pythia-70m,2560,0.0062170070596039295,4,sinq_like,32768,0.03369140625,35328,0.9845038056373596,False,False
0.005996864289045334,32,0.004073400981724262,512,0.0341796875,35840,14,0.0019234633073210716,0.0018868986517190933,0.01325911283493042,gpt_neox.layers.0.mlp.dense_h_to_4h,L0:dense_h_to_4h,0.0041099656373262405,0.03173828125,33280,13,0.001953125,2048,0.9709179401397705,random_permuted_block_circulant,EleutherAI/pythia-70m,2560,0.0062170070596039295,4,sinq_like,32768,0.03369140625,35328,0.9841770529747009,False,False
0.005761162377893925,32,0.0036745616234838963,1024,0.0634765625,66560,26,0.0020866007544100285,0.0020717456936836243,0.023054778575897217,gpt_neox.layers.0.mlp.dense_h_to_4h,L0:dense_h_to_4h,0.0036894166842103004,0.06103515625,64000,25,0.00146484375,1536,0.9454798698425293,monarch_like_two_block,EleutherAI/pythia-70m,0,0.0062170070596039295,4,sinq_like,65536,0.0625,65536,0.9685346484184265,False,False
0.006135330069810152,64,0.004304294474422932,1536,0.01708984375,17920,7,0.0018310355953872204,0.0017863274551928043,0.006055474281311035,gpt_neox.layers.0.mlp.dense_h_to_4h,L0:dense_h_to_4h,0.004349002614617348,0.0146484375,15360,6,0.0009765625,1024,0.9861756563186646,naive_block_circulant,EleutherAI/pythia-70m,0,0.0062170070596039295,4,sinq_like,16384,0.015625,16384,0.9922311305999756,False,False
0.006103480234742165,64,0.004259943496435881,1536,0.01953125,20480,8,0.001843536738306284,0.001799185760319233,0.007889866828918457,gpt_neox.layers.0.mlp.dense_h_to_4h,L0:dense_h_to_4h,0.004304294474422932,0.01708984375,17920,7,0.0009765625,1024,0.9839667677879333,norm_sorted_block_circulant,EleutherAI/pythia-70m,2560,0.0062170070596039295,4,sinq_like,16384,0.01806640625,18944,0.9918566346168518,False,False
0.006122666411101818,64,0.004259943496435881,1536,0.01953125,20480,8,0.0018627229146659374,0.0018183719366788864,0.00838935375213623,gpt_neox.layers.0.mlp.dense_h_to_4h,L0:dense_h_to_4h,0.004304294474422932,0.01708984375,17920,7,0.0009765625,1024,0.9839667677879333,activation_clustered_block_circulant,EleutherAI/pythia-70m,2560,0.0062170070596039295,4,sinq_like,16384,0.01806640625,18944,0.9923561215400696,False,False
0.006113364826887846,64,0.004259943496435881,1536,0.01953125,20480,8,0.0018534213304519653,0.0018090703524649143,0.008307814598083496,gpt_neox.layers.0.mlp.dense_h_to_4h,L0:dense_h_to_4h,0.004304294474422932,0.01708984375,17920,7,0.0009765625,1024,0.9839667677879333,random_permuted_block_circulant,EleutherAI/pythia-70m,2560,0.0062170070596039295,4,sinq_like,16384,0.01806640625,18944,0.9922745823860168,False,False
0.006034808233380318,64,0.0041099656373262405,512,0.03173828125,33280,13,0.0019248425960540771,0.0019103898666799068,0.01157289743423462,gpt_neox.layers.0.mlp.dense_h_to_4h,L0:dense_h_to_4h,0.004124418366700411,0.029296875,30720,12,0.001953125,2048,0.9730738401412964,monarch_like_two_block,EleutherAI/pythia-70m,0,0.0062170070596039295,4,sinq_like,32768,0.03125,32768,0.984646737575531,False,False
0.010747561231255531,16,0.010041854344308376,0,0.0625,16384,16,0.000705706886947155,0.000705706886947155,0.03703320026397705,gpt_neox.layers.1.attention.dense,L1:dense,0.010041854344308376,0.0625,16384,16,0.0,0,0.9307307004928589,naive_block_circulant,EleutherAI/pythia-70m,0,0.011575980111956596,4,rtn,16384,0.0625,16384,0.9677639007568359,False,False
0.010894090868532658,16,0.009909356944262981,0,0.06640625,17408,17,0.0009847339242696762,0.0009847339242696762,0.04137521982192993,gpt_neox.layers.1.attention.dense,L1:dense,0.009909356944262981,0.06640625,17408,17,0.0,0,0.9272006154060364,norm_sorted_block_circulant,EleutherAI/pythia-70m,1024,0.011575980111956596,4,rtn,16384,0.06640625,17408,0.9685758352279663,False,False
0.010799826122820377,16,0.009909356944262981,0,0.06640625,17408,17,0.0008904691785573959,0.0008904691785573959,0.04057633876800537,gpt_neox.layers.1.attention.dense,L1:dense,0.009909356944262981,0.06640625,17408,17,0.0,0,0.9272006154060364,activation_clustered_block_circulant,EleutherAI/pythia-70m,1024,0.011575980111956596,4,rtn,16384,0.06640625,17408,0.9677769541740417,False,False
0.010846350342035294,16,0.009909356944262981,0,0.06640625,17408,17,0.0009369933977723122,0.0009369933977723122,0.04128938913345337,gpt_neox.layers.1.attention.dense,L1:dense,0.009909356944262981,0.06640625,17408,17,0.0,0,0.9272006154060364,random_permuted_block_circulant,EleutherAI/pythia-70m,1024,0.011575980111956596,4,rtn,16384,0.06640625,17408,0.9684900045394897,False,False
0.009904246777296066,16,0.00867919996380806,0,0.125,32768,32,0.0012250468134880066,0.0012250468134880066,0.06046414375305176,gpt_neox.layers.1.attention.dense,L1:dense,0.00867919996380806,0.125,32768,32,0.0,0,0.8764685392379761,monarch_like_two_block,EleutherAI/pythia-70m,0,0.011575980111956596,4,rtn,32768,0.125,32768,0.9369326829910278,False,False
0.011153769679367542,32,0.010683167725801468,0,0.03125,8192,8,0.00047060195356607437,0.00047060195356607437,0.024189770221710205,gpt_neox.layers.1.attention.dense,L1:dense,0.010683167725801468,0.03125,8192,8,0.0,0,0.9599050283432007,naive_block_circulant,EleutherAI/pythia-70m,0,0.011575980111956596,4,rtn,8192,0.03125,8192,0.9840947985649109,False,False
0.011192233301699162,32,0.010538711212575436,0,0.03515625,9216,9,0.0006535220891237259,0.0006535220891237259,0.028007864952087402,gpt_neox.layers.1.attention.dense,L1:dense,0.010538711212575436,0.03515625,9216,9,0.0,0,0.9561331868171692,norm_sorted_block_circulant,EleutherAI/pythia-70m,1024,0.011575980111956596,4,rtn,8192,0.03515625,9216,0.9841410517692566,False,False
0.011111888103187084,32,0.010538711212575436,0,0.03515625,9216,9,0.0005731768906116486,0.0005731768906116486,0.027832746505737305,gpt_neox.layers.1.attention.dense,L1:dense,0.010538711212575436,0.03515625,9216,9,0.0,0,0.9561331868171692,activation_clustered_block_circulant,EleutherAI/pythia-70m,1024,0.011575980111956596,4,rtn,8192,0.03515625,9216,0.9839659333229065,False,False
0.011135760694742203,32,0.010538711212575436,0,0.03515625,9216,9,0.0005970494821667671,0.0005970494821667671,0.02830970287322998,gpt_neox.layers.1.attention.dense,L1:dense,0.010538711212575436,0.03515625,9216,9,0.0,0,0.9561331868171692,random_permuted_block_circulant,EleutherAI/pythia-70m,1024,0.011575980111956596,4,rtn,8192,0.03515625,9216,0.9844428896903992,False,False
0.010666352696716785,32,0.010041854344308376,0,0.0625,16384,16,0.0006244983524084091,0.0006244983524084091,0.03822135925292969,gpt_neox.layers.1.attention.dense,L1:dense,0.010041854344308376,0.0625,16384,16,0.0,0,0.9307307004928589,monarch_like_two_block,EleutherAI/pythia-70m,0,0.011575980111956596,4,rtn,16384,0.0625,16384,0.9689520597457886,False,False
0.011393274180591106,64,0.011035526171326637,0,0.015625,4096,4,0.00035774800926446915,0.00035774800926446915,0.016589641571044922,gpt_neox.layers.1.attention.dense,L1:dense,0.011035526171326637,0.015625,4096,4,0.0,0,0.9754599332809448,naive_block_circulant,EleutherAI/pythia-70m,0,0.011575980111956596,4,rtn,4096,0.015625,4096,0.9920495748519897,False,False
0.0113658607006073,64,0.01099416334182024,0,0.01953125,5120,5,0.0003716973587870598,0.0003716973587870598,0.020567119121551514,gpt_neox.layers.1.attention.dense,L1:dense,0.01099416334182024,0.01953125,5120,5,0.0,0,0.9714692831039429,norm_sorted_block_circulant,EleutherAI/pythia-70m,1024,0.011575980111956596,4,rtn,4096,0.01953125,5120,0.9920364022254944,False,False
0.01133547443896532,64,0.01099416334182024,0,0.01953125,5120,5,0.00034131109714508057,0.00034131109714508057,0.020722806453704834,gpt_neox.layers.1.attention.dense,L1:dense,0.01099416334182024,0.01953125,5120,5,0.0,0,0.9714692831039429,activation_clustered_block_circulant,EleutherAI/pythia-70m,1024,0.011575980111956596,4,rtn,4096,0.01953125,5120,0.9921920895576477,False,False
0.011436175554990768,64,0.01099416334182024,0,0.01953125,5120,5,0.0004420122131705284,0.0004420122131705284,0.020414888858795166,gpt_neox.layers.1.attention.dense,L1:dense,0.01099416334182024,0.01953125,5120,5,0.0,0,0.9714692831039429,random_permuted_block_circulant,EleutherAI/pythia-70m,1024,0.011575980111956596,4,rtn,4096,0.01953125,5120,0.991884171962738,False,False
0.011214387603104115,64,0.010683167725801468,0,0.03125,8192,8,0.0005312198773026466,0.0005312198773026466,0.024934589862823486,gpt_neox.layers.1.attention.dense,L1:dense,0.010683167725801468,0.03125,8192,8,0.0,0,0.9599050283432007,monarch_like_two_block,EleutherAI/pythia-70m,0,0.011575980111956596,4,rtn,8192,0.03125,8192,0.9848396182060242,False,False
0.01558347325772047,16,0.014255396090447903,0,0.0625,16384,16,0.0013280771672725677,0.0013280771672725677,0.045578837394714355,gpt_neox.layers.1.attention.dense,L1:dense,0.014255396090447903,0.0625,16384,16,0.0,0,0.9219744801521301,naive_block_circulant,EleutherAI/pythia-70m,0,0.016718389466404915,4,sinq_like,16384,0.0625,16384,0.9675533175468445,False,False
0.01571832224726677,16,0.014029405079782009,0,0.06640625,17408,17,0.0016889171674847603,0.0016889171674847603,0.049500346183776855,gpt_neox.layers.1.attention.dense,L1:dense,0.014029405079782009,0.06640625,17408,17,0.0,0,0.9183014631271362,norm_sorted_block_circulant,EleutherAI/pythia-70m,1024,0.016718389466404915,4,sinq_like,16384,0.06640625,17408,0.9678018093109131,False,False
0.015665587037801743,16,0.014029405079782009,0,0.06640625,17408,17,0.0016361819580197334,0.0016361819580197334,0.04978269338607788,gpt_neox.layers.1.attention.dense,L1:dense,0.014029405079782009,0.06640625,17408,17,0.0,0,0.9183014631271362,activation_clustered_block_circulant,EleutherAI/pythia-70m,1024,0.016718389466404915,4,sinq_like,16384,0.06640625,17408,0.9680841565132141,False,False
0.01550484448671341,16,0.014029405079782009,0,0.06640625,17408,17,0.0014754394069314003,0.0014754394069314003,0.05000460147857666,gpt_neox.layers.1.attention.dense,L1:dense,0.014029405079782009,0.06640625,17408,17,0.0,0,0.9183014631271362,random_permuted_block_circulant,EleutherAI/pythia-70m,1024,0.016718389466404915,4,sinq_like,16384,0.06640625,17408,0.9683060646057129,False,False
0.014538979157805443,16,0.012398190796375275,0,0.125,32768,32,0.002140788361430168,0.002140788361430168,0.07165420055389404,gpt_neox.layers.1.attention.dense,L1:dense,0.012398190796375275,0.125,32768,32,0.0,0,0.8656304478645325,monarch_like_two_block,EleutherAI/pythia-70m,0,0.016718389466404915,4,sinq_like,32768,0.125,32768,0.9372846484184265,False,False
0.016259469091892242,32,0.01512851007282734,0,0.03125,8192,8,0.0011309590190649033,0.0011309590190649033,0.03133070468902588,gpt_neox.layers.1.attention.dense,L1:dense,0.01512851007282734,0.03125,8192,8,0.0,0,0.9525755643844604,naive_block_circulant,EleutherAI/pythia-70m,0,0.016718389466404915,4,sinq_like,8192,0.03125,8192,0.9839062690734863,False,False
0.016292132437229156,32,0.01501814741641283,0,0.03515625,9216,9,0.0012739850208163261,0.0012739850208163261,0.03554093837738037,gpt_neox.layers.1.attention.dense,L1:dense,0.01501814741641283,0.03515625,9216,9,0.0,0,0.948579728603363,norm_sorted_block_circulant,EleutherAI/pythia-70m,1024,0.016718389466404915,4,sinq_like,8192,0.03515625,9216,0.9841206669807434,False,False
0.016215501353144646,32,0.01501814741641283,0,0.03515625,9216,9,0.0011973539367318153,0.0011973539367318153,0.03559392690658569,gpt_neox.layers.1.attention.dense,L1:dense,0.01501814741641283,0.03515625,9216,9,0.0,0,0.948579728603363,activation_clustered_block_circulant,EleutherAI/pythia-70m,1024,0.016718389466404915,4,sinq_like,8192,0.03515625,9216,0.9841736555099487,False,False
0.016013408079743385,32,0.01501814741641283,0,0.03515625,9216,9,0.000995260663330555,0.000995260663330555,0.03559458255767822,gpt_neox.layers.1.attention.dense,L1:dense,0.01501814741641283,0.03515625,9216,9,0.0,0,0.948579728603363,random_permuted_block_circulant,EleutherAI/pythia-70m,1024,0.016718389466404915,4,sinq_like,8192,0.03515625,9216,0.9841743111610413,False,False
0.01570163108408451,32,0.014255396090447903,0,0.0625,16384,16,0.0014462349936366081,0.0014462349936366081,0.046953439712524414,gpt_neox.layers.1.attention.dense,L1:dense,0.014255396090447903,0.0625,16384,16,0.0,0,0.9219744801521301,monarch_like_two_block,EleutherAI/pythia-70m,0,0.016718389466404915,4,sinq_like,16384,0.0625,16384,0.9689279198646545,False,False
0.01651705428957939,64,0.015662914142012596,0,0.015625,4096,4,0.0008541401475667953,0.0008541401475667953,0.022658586502075195,gpt_neox.layers.1.attention.dense,L1:dense,0.015662914142012596,0.015625,4096,4,0.0,0,0.9693042635917664,naive_block_circulant,EleutherAI/pythia-70m,0,0.016718389466404915,4,sinq_like,4096,0.015625,4096,0.9919628500938416,False,False
0.016459546983242035,64,0.015462275594472885,0,0.01953125,5120,5,0.0009972713887691498,0.0009972713887691498,0.02720433473587036,gpt_neox.layers.1.attention.dense,L1:dense,0.015462275594472885,0.01953125,5120,5,0.0,0,0.9648539423942566,norm_sorted_block_circulant,EleutherAI/pythia-70m,1024,0.016718389466404915,4,sinq_like,4096,0.01953125,5120,0.992058277130127,False,False
0.01643606461584568,64,0.015462275594472885,0,0.01953125,5120,5,0.0009737890213727951,0.0009737890213727951,0.02738398313522339,gpt_neox.layers.1.attention.dense,L1:dense,0.015462275594472885,0.01953125,5120,5,0.0,0,0.9648539423942566,activation_clustered_block_circulant,EleutherAI/pythia-70m,1024,0.016718389466404915,4,sinq_like,4096,0.01953125,5120,0.99223792552948,False,False
0.016292044892907143,64,0.015462275594472885,0,0.01953125,5120,5,0.0008297692984342575,0.0008297692984342575,0.027114510536193848,gpt_neox.layers.1.attention.dense,L1:dense,0.015462275594472885,0.01953125,5120,5,0.0,0,0.9648539423942566,random_permuted_block_circulant,EleutherAI/pythia-70m,1024,0.016718389466404915,4,sinq_like,4096,0.01953125,5120,0.9919684529304504,False,False
0.01627201773226261,64,0.01512851007282734,0,0.03125,8192,8,0.0011435076594352722,0.0011435076594352722,0.032592952251434326,gpt_neox.layers.1.attention.dense,L1:dense,0.01512851007282734,0.03125,8192,8,0.0,0,0.9525755643844604,monarch_like_two_block,EleutherAI/pythia-70m,0,0.016718389466404915,4,sinq_like,8192,0.03125,8192,0.9851685166358948,False,False
